<?xml version="1.0"?>
<Schema name="dwadventure">

<Cube name="penjualan" defaultMeasure="subTotal">
<Table name="faktapenjualan" />

<Dimension name="LokasiInventory" foreignKey="idLokasi">
    <Hierarchy hasAll="true" allMemberName="All Location" primaryKey="idLokasi">
    <Table name="lokasiinventory" />
    <Level name="Nama" column="nama" />
    </Hierarchy>
</Dimension>

<Dimension name="Pembeli" foreignKey = "idPembeli">
    <Hierarchy hasAll="true" allMemberName="All Buyers" primaryKey ="idPembeli">
    <Table name="pembeli" />
    <Level name="Nama" column="nama"/>
    </Hierarchy>
</Dimension>

<Dimension name="Penjualan" foreignKey = "idPenjualan">
    <Hierarchy hasAll="true" allMemberName="All Seller" primaryKey ="idPenjualan">
    <Table name="penjualan" />
    <Level name="Tanggal" column="tanggal"/>
    </Hierarchy>
</Dimension>

<Dimension name="Produk" foreignKey = "idProduk">
    <Hierarchy hasAll="true" allMemberName="All Products" primaryKey ="idProduk">
    <Table name="produk" />
    <Level name="Nama" column="nama"/>
    </Hierarchy>
</Dimension>

<Dimension name="ShippingMethod" foreignKey = "idShipping">
    <Hierarchy hasAll="true" allMemberName="All Shipping Method" primaryKey ="idShipping">
    <Table name="shippingmethod" />
    <Level name="Nama" column="nama"/>
    <Level name="ShipRate" column="shipRate"/>
    </Hierarchy>
</Dimension>

<Dimension name="Tanggal" foreignKey="idTanggal">
    <Hierarchy hasAll="true" allMemberName="All Times" primaryKey="idTanggal">
    <Table name="tanggal" />
    <Level name="Year" column="tahun" type="Numeric" uniqueMembers="true"
        levelType="TimeYears"/>
    <Level name="Month" column="bulan" uniqueMembers="false" type="Numeric"
        levelType="TimeMonths"/>
    <Level name="Date" column="tanggal" uniqueMembers="false" type="Numeric"
        levelType="TimeDays"/>
    </Hierarchy>
</Dimension>

<Dimension name="WilayahToko" foreignKey = "idWilayah">
    <Hierarchy hasAll="true" allMemberName="All Store Location" primaryKey ="idWilayah">
    <Table name="wilayahtoko" />
    <Level name="Nama" column="nama"/>
    </Hierarchy>
</Dimension>

<Measure name="Quantity" column="qty" aggregator="avg" formatString="Standard" />
<Measure name="UnitPrice" column="unitPrice" aggregator="avg" formatString="Standard" />
<Measure name="SubTotal" column="subTotal" aggregator="avg" formatString="Standard" />

</Cube>

</Schema>