<?xml version="1.0"?>
<Schema name="dwadventure">

<Cube name="stok" defaultMeasure="quantity">
<Table name="tabelfaktastok" />

<Dimension name="LokasiInventory" foreignKey="idLokasi">
    <Hierarchy hasAll="true" allMemberName="All Location" primaryKey="idLokasi">
    <Table name="lokasiinventory" />
    <Level name="Nama" column="nama" />
    </Hierarchy>
</Dimension>

<Dimension name="Produk" foreignKey = "idProduk">
    <Hierarchy hasAll="true" allMemberName="All Products" primaryKey ="idProduk">
    <Table name="produk" />
    <Level name="Nama" column="nama"/>
    </Hierarchy>
</Dimension>

<Dimension name="Tanggal" foreignKey="idTanggal">
    <Hierarchy hasAll="true" allMemberName="All Times" primaryKey="idTanggal">
    <Table name="tanggal" />
    <Level name="Year" column="tahun" type="Numeric" uniqueMembers="true"
        levelType="TimeYears"/>
    <Level name="Month" column="bulan" uniqueMembers="false" type="Numeric"
        levelType="TimeMonths"/>
    <Level name="Date" column="tanggal" uniqueMembers="false" type="Numeric"
        levelType="TimeDays"/>
    </Hierarchy>
</Dimension>

<Measure name="Quantity" column="quantity" aggregator="avg" formatString="Standard" />

</Cube>

</Schema>